"keys","pl"
,
"msg_unsupported_platform","Nieobsługiwana platforma: \""%s\"""
"msg_releases_request_failed","Żądanie nie powiodło się. Czy posiadasz połączenie z internetem?"
"msg_releases_api_failure","Nie udało się odebrać listy kompilacji. GitHub odpowiada: %s"
"msg_got_n_releases","Odebrano %s kompilacji."
"msg_fetching_releases_dda","Sprowadzanie kompilacji dla for DDA Experimental..."
"msg_fetching_releases_bn","Sprowadzanie kompilacji dla BN Experimental..."
"msg_invalid_fetch_func_param","ReleaseManager.fetch() przeszło %s"
"msg_fetching_releases_eod","Pobieranie wydań dla EOD Experimental..."
"msg_fetching_releases_tish","Pobieranie wydań dla TISH Experimental..."
"msg_fetching_releases_stable","Sprawdzanie nowych stabilnych wydań..."
"msg_got_n_new_stables","Znaleziono %s nowych stabilnych wydań."
"msg_no_new_stables","Nie znaleziono nowych stabilnych wydań."
"msg_check_stables_failed","Sprawdzanie nowych stabilnych wydań nie powiodło się."
