"keys","fr"
,
"msg_unsupported_platform","Plateforme non supportée: \""%s\"""
"msg_releases_request_failed","Échec de la requête. Vérifier votre connexion Internet."
"msg_releases_api_failure","Impossible de récupérer la liste des versions. GitHub indique: %s"
"msg_got_n_releases","Trouvé %s versions."
"msg_fetching_releases_dda","Cherche les dernières versions de DDA Expérimental..."
"msg_fetching_releases_bn","Cherche les dernières versions de BN Expérimental..."
"msg_invalid_fetch_func_param","ReleaseManager.fetch() a passé %s"
"msg_fetching_releases_eod","Récupération des versions pour EOD Experimental..."
"msg_fetching_releases_tish","Récupération des versions pour TISH Experimental..."
"msg_fetching_releases_stable","Checking for new stable releases..."
"msg_got_n_new_stables","Found %s new stable release(s)."
"msg_no_new_stables","No new stable releases found."
"msg_check_stables_failed","Checking for new stable releases failed."
