"keys","pt"
,
"msg_unsupported_platform","Plataforma não suportada: \""%s\"""
"msg_releases_request_failed","A solicitação falhou. Você tem conexão com a Internet?"
"msg_releases_api_failure","Não foi possível obter a lista de versões. GitHub diz: %s"
"msg_got_n_releases","Obteve %s versões."
"msg_fetching_releases_dda","Buscando versões para o DDA Experimental..."
"msg_fetching_releases_bn","Buscando versões para o BN Experimental..."
"msg_fetching_releases_eod","Buscando versões para o EOD Experimental..."
"msg_fetching_releases_tish","Buscando versões para o TISH Experimental..."
"msg_invalid_fetch_func_param","ReleaseManager.fetch() passou %s"
"msg_fetching_releases_stable","Checking for new stable releases..."
"msg_got_n_new_stables","Found %s new stable release(s)."
"msg_no_new_stables","No new stable releases found."
"msg_check_stables_failed","Checking for new stable releases failed."
