"keys","es"
,
"msg_unsupported_platform","Plataforma no soportada: \""%s\"""
"msg_releases_request_failed","Solicitud fallida.¿Tienes conexión a internet?"
"msg_releases_api_failure","No se pudo obtener la lista de versiones. GitHub dice: %s"
"msg_got_n_releases","Hay %s lanzamientos."
"msg_fetching_releases_dda","Buscando lanzamientos para DDA Experimental..."
"msg_fetching_releases_bn","Buscando lanzamientos para BN Experimental..."
"msg_invalid_fetch_func_param","ReleaseManager.fetch() pasó %s"
"msg_fetching_releases_eod","Obteniendo lanzamientos para EOD Experimental..."
"msg_fetching_releases_tish","Obteniendo lanzamientos para TISH Experimental..."
"msg_fetching_releases_stable","Buscando nuevas versiones estables..."
"msg_got_n_new_stables","Se encontraron %s versiones estables nuevas."
"msg_no_new_stables","No se encontraron nuevas versiones estables."
"msg_check_stables_failed","Falló la comprobación de nuevas versiones estables."
