"keys","ru"
,
"msg_unsupported_platform","Неподдерживаемая платформа: \""%s\"""
"msg_releases_request_failed","Запрос не удался. Вы ведь подключены к интернету?"
"msg_releases_api_failure","Не удалось получить список релизов. GitHub сказал: %s"
"msg_got_n_releases","Получено %s релизов."
"msg_fetching_releases_dda","Получение списка экспериментальных релизов DDA..."
"msg_fetching_releases_bn","Получение списка экспериментальных релизов BN..."
"msg_invalid_fetch_func_param","В ReleaseManager.fetch() был передан аргумент %s"
"msg_fetching_releases_eod","Получение релизов для EOD Experimental..."
"msg_fetching_releases_tish","Получение релизов для TISH Experimental..."
"msg_fetching_releases_stable","Проверка новых стабильных релизов..."
"msg_got_n_new_stables","Найдено новых стабильных релизов: %s."
"msg_no_new_stables","Новых стабильных релизов не найдено."
"msg_check_stables_failed","Не удалось проверить внешние стабильные релизы."
