"keys","cs"
,
"msg_unsupported_platform","Nepodporovaná platforma: \""%s\"""
"msg_releases_request_failed","Požadavek selhal. Jste připojeni k internetu?"
"msg_releases_api_failure","Nepodařilo se získat seznam vydání. GitHub říká: %s"
"msg_got_n_releases","Získáno %s vydání."
"msg_fetching_releases_dda","Získávám vydání pro DDA Experimental..."
"msg_fetching_releases_bn","Získávám vydání pro BN Experimental..."
"msg_invalid_fetch_func_param","ReleaseManager.fetch() dostal %s"
"msg_fetching_releases_eod","Získávám vydání pro EOD Experimental..."
"msg_fetching_releases_tish","Získávám vydání pro TISH Experimental..."
"msg_fetching_releases_stable","Checking for new stable releases..."
"msg_got_n_new_stables","Found %s new stable release(s)."
"msg_no_new_stables","No new stable releases found."
"msg_check_stables_failed","Checking for new stable releases failed."
