"keys","en"
,
"msg_unsupported_platform","Unsupported platform: \""%s\"""
"msg_releases_request_failed","Request failed. Do you have internet connection?"
"msg_releases_api_failure","Could not get the builds list. GitHub says: %s"
"msg_got_n_releases","Got %s releases."
"msg_fetching_releases_dda","Fetching releases for DDA Experimental..."
"msg_fetching_releases_bn","Fetching releases for BN Experimental..."
"msg_fetching_releases_eod","Fetching releases for EOD Experimental..."
"msg_fetching_releases_tish","Fetching releases for TISH Experimental..."
"msg_fetching_releases_stable","Checking for new stable releases..."
"msg_got_n_new_stables","Found %s new stable release(s)."
"msg_no_new_stables","No new stable releases found."
"msg_check_stables_failed","Checking for new stable releases failed."
"msg_invalid_fetch_func_param","ReleaseManager.fetch() was passed %s"
