"keys","zh"
,
"msg_unsupported_platform","不支持的平台：\""%s\"""
"msg_releases_request_failed","请求失败。你的网络正常连接吗？"
"msg_releases_api_failure","无法获取版本列表。GitHub说：%s"
"msg_got_n_releases","获取了%s个发布。"
"msg_fetching_releases_dda","正在为DDA测试版获取发布... "
"msg_fetching_releases_bn","正在为BN测试版获取发布..."
"msg_invalid_fetch_func_param","ReleaseManager.fetch()已传至%s"
"msg_fetching_releases_eod","正在获取 EOD Experimental 的版本..."
"msg_fetching_releases_tish","正在获取 TISH Experimental 的版本..."
"msg_fetching_releases_stable","Checking for new stable releases..."
"msg_got_n_new_stables","Found %s new stable release(s)."
"msg_no_new_stables","No new stable releases found."
"msg_check_stables_failed","Checking for new stable releases failed."
